{
  "name": "stargazer:dome_east",
  "fallback": "minecraft:empty",
  "elements": [
    {
      "weight": 50,
      "element": {
        "element_type": "minecraft:single_pool_element",
        "projection": "rigid",
        "location": "stargazer:corridor_east",
        "processors": {
          "processors": [
            {
              "processor_type": "minecraft:jigsaw_replacement"
            }
          ]
        },
        "override_liquid_settings": "ignore_waterlogging"
      }
    }
  ]
}