{
  "type": "stargazer:cosmic",
  "generator": {
    "type": "minecraft:noise",
    "settings": "stargazer:cosmic",
    "biome_source": {
      "type": "minecraft:multi_noise",
      "biomes": [
        {
          "biome": "stargazer:eye_birch_forest",
          "parameters": {
            "temperature": 0.7,
            "humidity": 1.2,
            "continentalness": -0.2,
            "erosion": -0.15,
            "weirdness": -0.2,
            "depth": 0,
            "offset": 0.2
          }
        },
        {
          "biome": "stargazer:moon_waste",
          "parameters": {
            "temperature": -0.5,
            "humidity": 0.2,
            "continentalness": 0.01,
            "erosion": -0.5,
            "weirdness": 1.2,
            "depth": 0,
            "offset": 0
          }
        },
        {
          "biome": "stargazer:moon_forest",
          "parameters": {
            "temperature": 0.4,
            "humidity": 0,
            "continentalness": 0,
            "erosion": 1.2,
            "weirdness": 0.2,
            "depth": 0,
            "offset": 0
          }
        },
        {
          "biome": "stargazer:amethyst_spikes",
          "parameters": {
            "temperature": 0.2,
            "humidity": 0,
            "continentalness": 0,
            "erosion": 1.2,
            "weirdness": 0.9,
            "depth": 0,
            "offset": 0
          }
        },
        {
          "biome": "stargazer:purple_shroom_forest",
          "parameters": {
            "temperature": 1.2,
            "humidity": 1.6,
            "continentalness": 0.4,
            "erosion": -0.6,
            "weirdness": -0.8,
            "depth": 0,
            "offset": 0
          }
        },
        {
          "biome": "stargazer:bone_forest",
          "parameters": {
            "temperature": -0.5,
            "humidity": 0.16,
            "continentalness": 0.07,
            "erosion": -0.6,
            "weirdness": 1.2,
            "depth": 0,
            "offset": 0
          }
        }
      ]
    }
  }
}