{
	"credit": "Made with Blockbench",
	"texture_size": [32, 32],
	"textures": {
		"4": "stargazer:block/grave_nonactive",
		"particle": "stargazer:block/grave_nonactive"
	},
	"elements": [
		{
			"from": [3, 13, 0],
			"to": [13, 15, 2],
			"rotation": {"angle": 0, "axis": "y", "origin": [8, 8, 8]},
			"faces": {
				"north": {"uv": [8, 7.5, 13, 8.5], "texture": "#4"},
				"east": {"uv": [3, 9.5, 4, 10.5], "texture": "#4"},
				"south": {"uv": [8, 6.5, 13, 7.5], "texture": "#4"},
				"west": {"uv": [2, 9.5, 3, 10.5], "texture": "#4"},
				"up": {"uv": [7, 9.5, 2, 8.5], "rotation": 180, "texture": "#4"},
				"down": {"uv": [12.5, 9, 7.5, 10], "rotation": 180, "texture": "#4"}
			}
		},
		{
			"from": [2, 0, 0],
			"to": [14, 13, 2],
			"rotation": {"angle": 0, "axis": "y", "origin": [8, 8, 8]},
			"faces": {
				"north": {"uv": [6, 0, 12, 6.5], "texture": "#4"},
				"east": {"uv": [1, 6.5, 2, 13], "texture": "#4"},
				"south": {"uv": [0, 0, 6, 6.5], "texture": "#4"},
				"west": {"uv": [0, 6.5, 1, 13], "texture": "#4"},
				"up": {"uv": [8, 7.5, 2, 6.5], "rotation": 180, "texture": "#4"},
				"down": {"uv": [8, 7.5, 2, 8.5], "rotation": 180, "texture": "#4"}
			}
		},
		{
			"from": [6, 0.75, 11],
			"to": [10, 3.75, 15],
			"rotation": {"angle": 22.5, "axis": "x", "origin": [8, 2.75, 9]},
			"faces": {
				"north": {"uv": [0, 13, 2, 14.5], "texture": "#4"},
				"east": {"uv": [0, 13, 2, 14.5], "texture": "#4"},
				"south": {"uv": [0, 13, 2, 14.5], "texture": "#4"},
				"west": {"uv": [0, 13, 2, 14.5], "texture": "#4"},
				"up": {"uv": [4, 12.5, 2, 10.5], "texture": "#4"},
				"down": {"uv": [4, 10.5, 2, 12.5], "texture": "#4"}
			}
		},
		{
			"from": [6, 0, 11],
			"to": [10, 2, 15],
			"rotation": {"angle": 45, "axis": "y", "origin": [8, 2, 9]},
			"faces": {
				"north": {"uv": [2, 12.5, 4, 13.5], "texture": "#4"},
				"east": {"uv": [2, 12.5, 4, 13.5], "texture": "#4"},
				"south": {"uv": [2, 12.5, 4, 13.5], "texture": "#4"},
				"west": {"uv": [2, 12.5, 4, 13.5], "texture": "#4"},
				"up": {"uv": [6, 11.5, 4, 9.5], "texture": "#4"},
				"down": {"uv": [6, 9.5, 4, 11.5], "texture": "#4"}
			}
		},
		{
			"from": [10, 0.75, 7],
			"to": [14, 3.75, 11],
			"rotation": {"angle": -22.5, "axis": "z", "origin": [8, 2.75, 9]},
			"faces": {
				"north": {"uv": [0, 13, 2, 14.5], "texture": "#4"},
				"east": {"uv": [0, 13, 2, 14.5], "texture": "#4"},
				"south": {"uv": [8, 12, 10, 13.5], "texture": "#4"},
				"west": {"uv": [0, 13, 2, 14.5], "texture": "#4"},
				"up": {"uv": [4, 12.5, 2, 10.5], "texture": "#4"},
				"down": {"uv": [4, 10.5, 2, 12.5], "texture": "#4"}
			}
		},
		{
			"from": [6, 0, 3],
			"to": [10, 2, 7],
			"rotation": {"angle": -45, "axis": "y", "origin": [8, 2, 9]},
			"faces": {
				"north": {"uv": [2, 12.5, 4, 13.5], "texture": "#4"},
				"east": {"uv": [2, 12.5, 4, 13.5], "texture": "#4"},
				"south": {"uv": [2, 12.5, 4, 13.5], "texture": "#4"},
				"west": {"uv": [2, 12.5, 4, 13.5], "texture": "#4"},
				"up": {"uv": [6, 11.5, 4, 9.5], "texture": "#4"},
				"down": {"uv": [6, 9.5, 4, 11.5], "texture": "#4"}
			}
		},
		{
			"from": [6, 0.75, 3],
			"to": [10, 3.75, 7],
			"rotation": {"angle": -22.5, "axis": "x", "origin": [8, 2.75, 9]},
			"faces": {
				"north": {"uv": [0, 13, 2, 14.5], "texture": "#4"},
				"east": {"uv": [0, 13, 2, 14.5], "texture": "#4"},
				"south": {"uv": [0, 13, 2, 14.5], "texture": "#4"},
				"west": {"uv": [0, 13, 2, 14.5], "texture": "#4"},
				"up": {"uv": [4, 12.5, 2, 10.5], "texture": "#4"},
				"down": {"uv": [4, 10.5, 2, 12.5], "texture": "#4"}
			}
		},
		{
			"from": [6, 0, 3],
			"to": [10, 2, 7],
			"rotation": {"angle": 45, "axis": "y", "origin": [8, 2, 9]},
			"faces": {
				"north": {"uv": [2, 12.5, 4, 13.5], "texture": "#4"},
				"east": {"uv": [2, 12.5, 4, 13.5], "texture": "#4"},
				"south": {"uv": [2, 12.5, 4, 13.5], "texture": "#4"},
				"west": {"uv": [2, 12.5, 4, 13.5], "texture": "#4"},
				"up": {"uv": [6, 11.5, 4, 9.5], "texture": "#4"},
				"down": {"uv": [6, 9.5, 4, 11.5], "texture": "#4"}
			}
		},
		{
			"from": [2, 0.75, 7],
			"to": [6, 3.75, 11],
			"rotation": {"angle": 22.5, "axis": "z", "origin": [8, 2.75, 9]},
			"faces": {
				"north": {"uv": [0, 13, 2, 14.5], "texture": "#4"},
				"east": {"uv": [0, 13, 2, 14.5], "texture": "#4"},
				"south": {"uv": [0, 13, 2, 14.5], "texture": "#4"},
				"west": {"uv": [0, 13, 2, 14.5], "texture": "#4"},
				"up": {"uv": [4, 12.5, 2, 10.5], "texture": "#4"},
				"down": {"uv": [4, 10.5, 2, 12.5], "texture": "#4"}
			}
		},
		{
			"from": [6, 0, 11],
			"to": [10, 2, 15],
			"rotation": {"angle": -45, "axis": "y", "origin": [8, 2, 9]},
			"faces": {
				"north": {"uv": [2, 12.5, 4, 13.5], "texture": "#4"},
				"east": {"uv": [2, 12.5, 4, 13.5], "texture": "#4"},
				"south": {"uv": [2, 12.5, 4, 13.5], "texture": "#4"},
				"west": {"uv": [2, 12.5, 4, 13.5], "texture": "#4"},
				"up": {"uv": [6, 11.5, 4, 9.5], "texture": "#4"},
				"down": {"uv": [6, 9.5, 4, 11.5], "texture": "#4"}
			}
		}
	],
	"display": {
		"thirdperson_righthand": {
			"rotation": [180, -0.67, 180],
			"translation": [0, 3.5, 5],
			"scale": [0.55, 0.55, 0.55]
		},
		"thirdperson_lefthand": {
			"rotation": [180, 0, 180],
			"translation": [0, 3.5, 5],
			"scale": [0.55, 0.55, 0.55]
		},
		"firstperson_righthand": {
			"rotation": [0, 90, -25],
			"translation": [-5.62, 3.2, 1.13],
			"scale": [0.68, 0.68, 0.68]
		},
		"firstperson_lefthand": {
			"rotation": [0, 90, -26],
			"translation": [-5.62, 3.2, 1.13],
			"scale": [0.68, 0.68, 0.68]
		},
		"ground": {
			"translation": [0, 2.75, -3],
			"scale": [0.5, 0.5, 0.5]
		},
		"gui": {
			"rotation": [145, 28, -145],
			"translation": [-2.75, 4.25, 0]
		},
		"head": {
			"translation": [0, 13, -7.5]
		},
		"fixed": {
			"translation": [0, 0, -6.75]
		}
	},
	"groups": [
		{
			"name": "grave",
			"origin": [0, 0, 16],
			"color": 0,
			"children": [0, 1]
		},
		{
			"name": "dirt",
			"origin": [8, 8, 8],
			"color": 0,
			"children": [2, 3, 4, 5, 6, 7, 8, 9]
		}
	]
}