{
	"credit": "Made with Blockbench",
	"texture_size": [32, 32],
	"textures": {
		"4": "stargazer:block/grave",
		"particle": "stargazer:block/grave"
	},
	"elements": [
		{
			"from": [14, 13, 3],
			"to": [16, 15, 13],
			"rotation": {"angle": 0, "axis": "y", "origin": [8, 8, 8]},
			"faces": {
				"north": {"uv": [2, 9.5, 3, 10.5], "texture": "#4"},
				"east": {"uv": [8, 7.5, 13, 8.5], "texture": "#4"},
				"south": {"uv": [3, 9.5, 4, 10.5], "texture": "#4"},
				"west": {"uv": [8, 6.5, 13, 7.5], "texture": "#4"},
				"up": {"uv": [7, 9.5, 2, 8.5], "rotation": 270, "texture": "#4"},
				"down": {"uv": [12.5, 9, 7.5, 10], "rotation": 90, "texture": "#4"}
			}
		},
		{
			"from": [14, 0, 2],
			"to": [16, 13, 14],
			"rotation": {"angle": 0, "axis": "y", "origin": [8, 8, 8]},
			"faces": {
				"north": {"uv": [0, 6.5, 1, 13], "texture": "#4"},
				"east": {"uv": [6, 0, 12, 6.5], "texture": "#4"},
				"south": {"uv": [1, 6.5, 2, 13], "texture": "#4"},
				"west": {"uv": [0, 0, 6, 6.5], "texture": "#4"},
				"up": {"uv": [8, 7.5, 2, 6.5], "rotation": 270, "texture": "#4"},
				"down": {"uv": [8, 7.5, 2, 8.5], "rotation": 90, "texture": "#4"}
			}
		}
	],
	"display": {
		"thirdperson_righthand": {
			"rotation": [180, -0.67, 180],
			"translation": [0, 3.5, 5],
			"scale": [0.55, 0.55, 0.55]
		},
		"thirdperson_lefthand": {
			"rotation": [180, 0, 180],
			"translation": [0, 3.5, 5],
			"scale": [0.55, 0.55, 0.55]
		},
		"firstperson_righthand": {
			"rotation": [0, 90, -25],
			"translation": [-5.62, 3.2, 1.13],
			"scale": [0.68, 0.68, 0.68]
		},
		"firstperson_lefthand": {
			"rotation": [0, 90, -26],
			"translation": [-5.62, 3.2, 1.13],
			"scale": [0.68, 0.68, 0.68]
		},
		"ground": {
			"translation": [0, 2.75, -3],
			"scale": [0.5, 0.5, 0.5]
		},
		"gui": {
			"rotation": [145, 28, -145],
			"translation": [-2.75, 4.25, 0]
		},
		"head": {
			"translation": [0, 13, -7.5]
		},
		"fixed": {
			"translation": [0, 0, -6.75]
		}
	},
	"groups": [
		{
			"name": "grave",
			"origin": [0, 0, 16],
			"color": 0,
			"children": [0, 1]
		}
	]
}