{
	"credit": "Made with Blockbench",
	"textures": {
		"1": "stargazer:block/moon_planks_door_top",
		"2": "stargazer:block/moon_planks_door_side",
		"particle": "stargazer:block/moon_planks_door_top"
	},
	"elements": [
		{
			"from": [0, 0, 0],
			"to": [3, 16, 16],
			"faces": {
				"north": {"uv": [3, 0, 0, 16], "texture": "#2"},
				"east": {"uv": [0, 0, 16, 16], "texture": "#1"},
				"south": {"uv": [0, 0, 3, 16], "texture": "#2"},
				"west": {"uv": [0, 0, 16, 16], "texture": "#1"},
				"up": {"uv": [0, 0, 3, 16], "texture": "#2"},
				"down": {"uv": [13, 0, 16, 16], "texture": "#2"}
			}
		}
	]
}