{
  "feature": "stargazer:amethyst_spike",
  "placement": [
    {
      "type": "minecraft:in_square"
    },
    {
      "type": "minecraft:count",
      "count": {
        "type": "minecraft:weighted_list",
        "distribution": [
          {
            "weight": 4,
            "data": 2
          },
          {
            "weight": 1,
            "data": 4
          }
        ]
      }
    },
    {
      "type": "minecraft:biome"
    },
    {
      "type": "minecraft:heightmap",
      "heightmap": "OCEAN_FLOOR"
    }
  ]
}