{
  "feature": "stargazer:star_trap",

  "placement": [
    {
      "type": "minecraft:count_on_every_layer",
      "count": 2
    },
    {
      "type": "minecraft:in_square"
    },
    {
      "type": "minecraft:count",
      "count": 3
    },
    {
      "type": "minecraft:heightmap",
      "heightmap": "WORLD_SURFACE"
    },
    {
      "type": "minecraft:count",
      "count": 2
    },
    {
      "type": "minecraft:heightmap",
      "heightmap": "WORLD_SURFACE"
    },
    {
      "type": "minecraft:block_predicate_filter",
      "predicate": {
        "type": "minecraft:matching_blocks",
        "offset": [
          0,
          -1,
          0
        ],
        "blocks": [
          "stargazer:moon_rock_nylium",
          "stargazer:moon_rock",
          "minecraft:grass_block"
        ]
      }
    }
  ]
}
