{"credit":"Made with Blockbench","textures":{"0":"item/stick","1":"block/gravel","particle":"item/stick"},"elements":[{"from":[13.5636,-6.9653,8],"to":[14.5636,-5.9653,9],"rotation":{"angle":-45,"axis":"z","origin":[7.49849,0.09767,8.50233]},"faces":{"north":{"uv":[2,14,3,15],"texture":"#0"},"east":{"uv":[2,14,3,15],"texture":"#0"},"south":{"uv":[2,14,3,15],"texture":"#0"},"west":{"uv":[2,14,3,15],"texture":"#0"},"up":{"uv":[2,14,3,15],"texture":"#0"},"down":{"uv":[2,14,3,15],"texture":"#0"}}},{"from":[13.5636,-5.9653,8],"to":[14.5636,-4.9653,9],"rotation":{"angle":-45,"axis":"z","origin":[7.49849,0.09767,8.50233]},"faces":{"north":{"uv":[2,13,3,14],"texture":"#0"},"east":{"uv":[2,13,3,14],"texture":"#0"},"south":{"uv":[2,13,3,14],"texture":"#0"},"west":{"uv":[2,13,3,14],"texture":"#0"},"up":{"uv":[2,13,3,14],"texture":"#0"},"down":{"uv":[2,13,3,14],"texture":"#0"}}},{"from":[12.5636,-5.9653,8],"to":[13.5636,-4.9653,9],"rotation":{"angle":-45,"axis":"z","origin":[7.49849,0.09767,8.50233]},"faces":{"north":{"uv":[3,13,4,14],"texture":"#0"},"east":{"uv":[3,13,4,14],"texture":"#0"},"south":{"uv":[3,13,4,14],"texture":"#0"},"west":{"uv":[3,13,4,14],"texture":"#0"},"up":{"uv":[3,13,4,14],"texture":"#0"},"down":{"uv":[3,13,4,14],"texture":"#0"}}},{"from":[12.5636,-4.9653,8],"to":[13.5636,-3.9653,9],"rotation":{"angle":-45,"axis":"z","origin":[7.49849,0.09767,8.50233]},"faces":{"north":{"uv":[3,12,4,13],"texture":"#0"},"east":{"uv":[3,12,4,13],"texture":"#0"},"south":{"uv":[3,12,4,13],"texture":"#0"},"west":{"uv":[3,12,4,13],"texture":"#0"},"up":{"uv":[3,12,4,13],"texture":"#0"},"down":{"uv":[3,12,4,13],"texture":"#0"}}},{"from":[11.5636,-4.9653,8],"to":[12.5636,-3.9653,9],"rotation":{"angle":-45,"axis":"z","origin":[7.49849,0.09767,8.50233]},"faces":{"north":{"uv":[4,12,5,13],"texture":"#0"},"east":{"uv":[4,12,5,13],"texture":"#0"},"south":{"uv":[4,12,5,13],"texture":"#0"},"west":{"uv":[4,12,5,13],"texture":"#0"},"up":{"uv":[4,12,5,13],"texture":"#0"},"down":{"uv":[4,12,5,13],"texture":"#0"}}},{"from":[11.5636,-3.9653,8],"to":[12.5636,-2.9653,9],"rotation":{"angle":-45,"axis":"z","origin":[7.49849,0.09767,8.50233]},"faces":{"north":{"uv":[4,11,5,12],"texture":"#0"},"east":{"uv":[4,11,5,12],"texture":"#0"},"south":{"uv":[4,11,5,12],"texture":"#0"},"west":{"uv":[4,11,5,12],"texture":"#0"},"up":{"uv":[4,11,5,12],"texture":"#0"},"down":{"uv":[4,11,5,12],"texture":"#0"}}},{"from":[10.5636,-3.9653,8],"to":[11.5636,-2.9653,9],"rotation":{"angle":-45,"axis":"z","origin":[7.49849,0.09767,8.50233]},"faces":{"north":{"uv":[5,11,6,12],"texture":"#0"},"east":{"uv":[5,11,6,12],"texture":"#0"},"south":{"uv":[5,11,6,12],"texture":"#0"},"west":{"uv":[5,11,6,12],"texture":"#0"},"up":{"uv":[5,11,6,12],"texture":"#0"},"down":{"uv":[5,11,6,12],"texture":"#0"}}},{"from":[10.5636,-2.9653,8],"to":[11.5636,-1.9653,9],"rotation":{"angle":-45,"axis":"z","origin":[7.49849,0.09767,8.50233]},"faces":{"north":{"uv":[5,10,6,11],"texture":"#0"},"east":{"uv":[5,10,6,11],"texture":"#0"},"south":{"uv":[5,10,6,11],"texture":"#0"},"west":{"uv":[5,10,6,11],"texture":"#0"},"up":{"uv":[5,10,6,11],"texture":"#0"},"down":{"uv":[5,10,6,11],"texture":"#0"}}},{"from":[9.5636,-2.9653,8],"to":[10.5636,-1.9653,9],"rotation":{"angle":-45,"axis":"z","origin":[7.49849,0.09767,8.50233]},"faces":{"north":{"uv":[6,10,7,11],"texture":"#0"},"east":{"uv":[6,10,7,11],"texture":"#0"},"south":{"uv":[6,10,7,11],"texture":"#0"},"west":{"uv":[6,10,7,11],"texture":"#0"},"up":{"uv":[6,10,7,11],"texture":"#0"},"down":{"uv":[6,10,7,11],"texture":"#0"}}},{"from":[9.5636,-1.9653,8],"to":[10.5636,-0.9653,9],"rotation":{"angle":-45,"axis":"z","origin":[7.49849,0.09767,8.50233]},"faces":{"north":{"uv":[6,9,7,10],"texture":"#0"},"east":{"uv":[6,9,7,10],"texture":"#0"},"south":{"uv":[6,9,7,10],"texture":"#0"},"west":{"uv":[6,9,7,10],"texture":"#0"},"up":{"uv":[6,9,7,10],"texture":"#0"},"down":{"uv":[6,9,7,10],"texture":"#0"}}},{"from":[8.5636,-1.9653,8],"to":[9.5636,-0.9653,9],"rotation":{"angle":-45,"axis":"z","origin":[7.49849,0.09767,8.50233]},"faces":{"north":{"uv":[7,9,8,10],"texture":"#0"},"east":{"uv":[7,9,8,10],"texture":"#0"},"south":{"uv":[7,9,8,10],"texture":"#0"},"west":{"uv":[7,9,8,10],"texture":"#0"},"up":{"uv":[7,9,8,10],"texture":"#0"},"down":{"uv":[7,9,8,10],"texture":"#0"}}},{"from":[8.5636,-0.9653,8],"to":[9.5636,0.0347,9],"rotation":{"angle":-45,"axis":"z","origin":[7.49849,0.09767,8.50233]},"faces":{"north":{"uv":[7,8,8,9],"texture":"#0"},"east":{"uv":[7,8,8,9],"texture":"#0"},"south":{"uv":[7,8,8,9],"texture":"#0"},"west":{"uv":[7,8,8,9],"texture":"#0"},"up":{"uv":[7,8,8,9],"texture":"#0"},"down":{"uv":[7,8,8,9],"texture":"#0"}}},{"from":[7.5636,-0.9653,8],"to":[8.5636,0.0347,9],"rotation":{"angle":-45,"axis":"z","origin":[7.49849,0.09767,8.50233]},"faces":{"north":{"uv":[8,8,9,9],"texture":"#0"},"east":{"uv":[8,8,9,9],"texture":"#0"},"south":{"uv":[8,8,9,9],"texture":"#0"},"west":{"uv":[8,8,9,9],"texture":"#0"},"up":{"uv":[8,8,9,9],"texture":"#0"},"down":{"uv":[8,8,9,9],"texture":"#0"}}},{"from":[7.5636,0.0347,8],"to":[8.5636,1.0347,9],"rotation":{"angle":-45,"axis":"z","origin":[7.49849,0.09767,8.50233]},"faces":{"north":{"uv":[8,7,9,8],"texture":"#0"},"east":{"uv":[8,7,9,8],"texture":"#0"},"south":{"uv":[8,7,9,8],"texture":"#0"},"west":{"uv":[8,7,9,8],"texture":"#0"},"up":{"uv":[8,7,9,8],"texture":"#0"},"down":{"uv":[8,7,9,8],"texture":"#0"}}},{"from":[6.5636,0.0347,8],"to":[7.5636,1.0347,9],"rotation":{"angle":-45,"axis":"z","origin":[7.49849,0.09767,8.50233]},"faces":{"north":{"uv":[9,7,10,8],"texture":"#0"},"east":{"uv":[9,7,10,8],"texture":"#0"},"south":{"uv":[9,7,10,8],"texture":"#0"},"west":{"uv":[9,7,10,8],"texture":"#0"},"up":{"uv":[9,7,10,8],"texture":"#0"},"down":{"uv":[9,7,10,8],"texture":"#0"}}},{"from":[6.5636,1.0347,8],"to":[7.5636,2.0347,9],"rotation":{"angle":-45,"axis":"z","origin":[7.49849,0.09767,8.50233]},"faces":{"north":{"uv":[9,6,10,7],"texture":"#0"},"east":{"uv":[9,6,10,7],"texture":"#0"},"south":{"uv":[9,6,10,7],"texture":"#0"},"west":{"uv":[9,6,10,7],"texture":"#0"},"up":{"uv":[9,6,10,7],"texture":"#0"},"down":{"uv":[9,6,10,7],"texture":"#0"}}},{"from":[5.5636,1.0347,8],"to":[6.5636,2.0347,9],"rotation":{"angle":-45,"axis":"z","origin":[7.49849,0.09767,8.50233]},"faces":{"north":{"uv":[10,6,11,7],"texture":"#0"},"east":{"uv":[10,6,11,7],"texture":"#0"},"south":{"uv":[10,6,11,7],"texture":"#0"},"west":{"uv":[10,6,11,7],"texture":"#0"},"up":{"uv":[10,6,11,7],"texture":"#0"},"down":{"uv":[10,6,11,7],"texture":"#0"}}},{"from":[5.5636,2.0347,8],"to":[6.5636,3.0347,9],"rotation":{"angle":-45,"axis":"z","origin":[7.49849,0.09767,8.50233]},"faces":{"north":{"uv":[10,5,11,6],"texture":"#0"},"east":{"uv":[10,5,11,6],"texture":"#0"},"south":{"uv":[10,5,11,6],"texture":"#0"},"west":{"uv":[10,5,11,6],"texture":"#0"},"up":{"uv":[10,5,11,6],"texture":"#0"},"down":{"uv":[10,5,11,6],"texture":"#0"}}},{"from":[4.5636,2.0347,8],"to":[5.5636,3.0347,9],"rotation":{"angle":-45,"axis":"z","origin":[7.49849,0.09767,8.50233]},"faces":{"north":{"uv":[11,5,12,6],"texture":"#0"},"east":{"uv":[11,5,12,6],"texture":"#0"},"south":{"uv":[11,5,12,6],"texture":"#0"},"west":{"uv":[11,5,12,6],"texture":"#0"},"up":{"uv":[11,5,12,6],"texture":"#0"},"down":{"uv":[11,5,12,6],"texture":"#0"}}},{"from":[4.5636,3.0347,8],"to":[5.5636,4.0347,9],"rotation":{"angle":-45,"axis":"z","origin":[7.49849,0.09767,8.50233]},"faces":{"north":{"uv":[11,4,12,5],"texture":"#0"},"east":{"uv":[11,4,12,5],"texture":"#0"},"south":{"uv":[11,4,12,5],"texture":"#0"},"west":{"uv":[11,4,12,5],"texture":"#0"},"up":{"uv":[11,4,12,5],"texture":"#0"},"down":{"uv":[11,4,12,5],"texture":"#0"}}},{"from":[3.5636,3.0347,8],"to":[4.5636,4.0347,9],"rotation":{"angle":-45,"axis":"z","origin":[7.49849,0.09767,8.50233]},"faces":{"north":{"uv":[12,4,13,5],"texture":"#0"},"east":{"uv":[12,4,13,5],"texture":"#0"},"south":{"uv":[12,4,13,5],"texture":"#0"},"west":{"uv":[12,4,13,5],"texture":"#0"},"up":{"uv":[12,4,13,5],"texture":"#0"},"down":{"uv":[12,4,13,5],"texture":"#0"}}},{"from":[3.5636,4.0347,8],"to":[4.5636,5.0347,9],"rotation":{"angle":-45,"axis":"z","origin":[7.49849,0.09767,8.50233]},"faces":{"north":{"uv":[12,3,13,4],"texture":"#0"},"east":{"uv":[12,3,13,4],"texture":"#0"},"south":{"uv":[12,3,13,4],"texture":"#0"},"west":{"uv":[12,3,13,4],"texture":"#0"},"up":{"uv":[12,3,13,4],"texture":"#0"},"down":{"uv":[12,3,13,4],"texture":"#0"}}},{"from":[2.5636,4.0347,8],"to":[3.5636,5.0347,9],"rotation":{"angle":-45,"axis":"z","origin":[7.49849,0.09767,8.50233]},"faces":{"north":{"uv":[13,3,14,4],"texture":"#0"},"east":{"uv":[13,3,14,4],"texture":"#0"},"south":{"uv":[13,3,14,4],"texture":"#0"},"west":{"uv":[13,3,14,4],"texture":"#0"},"up":{"uv":[13,3,14,4],"texture":"#0"},"down":{"uv":[13,3,14,4],"texture":"#0"}}},{"from":[2.5636,5.0347,8],"to":[3.5636,6.0347,9],"rotation":{"angle":-45,"axis":"z","origin":[7.49849,0.09767,8.50233]},"faces":{"north":{"uv":[13,2,14,3],"texture":"#0"},"east":{"uv":[13,2,14,3],"texture":"#0"},"south":{"uv":[13,2,14,3],"texture":"#0"},"west":{"uv":[13,2,14,3],"texture":"#0"},"up":{"uv":[13,2,14,3],"texture":"#0"},"down":{"uv":[13,2,14,3],"texture":"#0"}}},{"from":[1.5636,4.0347,8],"to":[2.5636,5.0347,9],"rotation":{"angle":-45,"axis":"z","origin":[7.49849,0.09767,8.50233]},"faces":{"north":{"uv":[14,3,15,4],"texture":"#0"},"east":{"uv":[14,3,15,4],"texture":"#0"},"south":{"uv":[14,3,15,4],"texture":"#0"},"west":{"uv":[14,3,15,4],"texture":"#0"},"up":{"uv":[14,3,15,4],"texture":"#0"},"down":{"uv":[14,3,15,4],"texture":"#0"}}},{"from":[1.5636,5.0347,8],"to":[2.5636,6.0347,9],"rotation":{"angle":-45,"axis":"z","origin":[7.49849,0.09767,8.50233]},"faces":{"north":{"uv":[14,2,15,3],"texture":"#0"},"east":{"uv":[14,2,15,3],"texture":"#0"},"south":{"uv":[14,2,15,3],"texture":"#0"},"west":{"uv":[14,2,15,3],"texture":"#0"},"up":{"uv":[14,2,15,3],"texture":"#0"},"down":{"uv":[14,2,15,3],"texture":"#0"}}},{"from":[2.5636,3.0347,8],"to":[3.5636,4.0347,9],"rotation":{"angle":-45,"axis":"z","origin":[7.49849,0.09767,8.50233]},"faces":{"north":{"uv":[13,4,14,5],"texture":"#0"},"east":{"uv":[13,4,14,5],"texture":"#0"},"south":{"uv":[13,4,14,5],"texture":"#0"},"west":{"uv":[13,4,14,5],"texture":"#0"},"up":{"uv":[13,4,14,5],"texture":"#0"},"down":{"uv":[13,4,14,5],"texture":"#0"}}},{"from":[3.5636,2.0347,8],"to":[4.5636,3.0347,9],"rotation":{"angle":-45,"axis":"z","origin":[7.49849,0.09767,8.50233]},"faces":{"north":{"uv":[12,5,13,6],"texture":"#0"},"east":{"uv":[12,5,13,6],"texture":"#0"},"south":{"uv":[12,5,13,6],"texture":"#0"},"west":{"uv":[12,5,13,6],"texture":"#0"},"up":{"uv":[12,5,13,6],"texture":"#0"},"down":{"uv":[12,5,13,6],"texture":"#0"}}},{"from":[4.5636,1.0347,8],"to":[5.5636,2.0347,9],"rotation":{"angle":-45,"axis":"z","origin":[7.49849,0.09767,8.50233]},"faces":{"north":{"uv":[11,6,12,7],"texture":"#0"},"east":{"uv":[11,6,12,7],"texture":"#0"},"south":{"uv":[11,6,12,7],"texture":"#0"},"west":{"uv":[11,6,12,7],"texture":"#0"},"up":{"uv":[11,6,12,7],"texture":"#0"},"down":{"uv":[11,6,12,7],"texture":"#0"}}},{"from":[5.5636,0.0347,8],"to":[6.5636,1.0347,9],"rotation":{"angle":-45,"axis":"z","origin":[7.49849,0.09767,8.50233]},"faces":{"north":{"uv":[10,7,11,8],"texture":"#0"},"east":{"uv":[10,7,11,8],"texture":"#0"},"south":{"uv":[10,7,11,8],"texture":"#0"},"west":{"uv":[10,7,11,8],"texture":"#0"},"up":{"uv":[10,7,11,8],"texture":"#0"},"down":{"uv":[10,7,11,8],"texture":"#0"}}},{"from":[6.5636,-0.9653,8],"to":[7.5636,0.0347,9],"rotation":{"angle":-45,"axis":"z","origin":[7.49849,0.09767,8.50233]},"faces":{"north":{"uv":[9,8,10,9],"texture":"#0"},"east":{"uv":[9,8,10,9],"texture":"#0"},"south":{"uv":[9,8,10,9],"texture":"#0"},"west":{"uv":[9,8,10,9],"texture":"#0"},"up":{"uv":[9,8,10,9],"texture":"#0"},"down":{"uv":[9,8,10,9],"texture":"#0"}}},{"from":[7.5636,-1.9653,8],"to":[8.5636,-0.9653,9],"rotation":{"angle":-45,"axis":"z","origin":[7.49849,0.09767,8.50233]},"faces":{"north":{"uv":[8,9,9,10],"texture":"#0"},"east":{"uv":[8,9,9,10],"texture":"#0"},"south":{"uv":[8,9,9,10],"texture":"#0"},"west":{"uv":[8,9,9,10],"texture":"#0"},"up":{"uv":[8,9,9,10],"texture":"#0"},"down":{"uv":[8,9,9,10],"texture":"#0"}}},{"from":[8.5636,-2.9653,8],"to":[9.5636,-1.9653,9],"rotation":{"angle":-45,"axis":"z","origin":[7.49849,0.09767,8.50233]},"faces":{"north":{"uv":[7,10,8,11],"texture":"#0"},"east":{"uv":[7,10,8,11],"texture":"#0"},"south":{"uv":[7,10,8,11],"texture":"#0"},"west":{"uv":[7,10,8,11],"texture":"#0"},"up":{"uv":[7,10,8,11],"texture":"#0"},"down":{"uv":[7,10,8,11],"texture":"#0"}}},{"from":[9.5636,-3.9653,8],"to":[10.5636,-2.9653,9],"rotation":{"angle":-45,"axis":"z","origin":[7.49849,0.09767,8.50233]},"faces":{"north":{"uv":[6,11,7,12],"texture":"#0"},"east":{"uv":[6,11,7,12],"texture":"#0"},"south":{"uv":[6,11,7,12],"texture":"#0"},"west":{"uv":[6,11,7,12],"texture":"#0"},"up":{"uv":[6,11,7,12],"texture":"#0"},"down":{"uv":[6,11,7,12],"texture":"#0"}}},{"from":[10.5636,-4.9653,8],"to":[11.5636,-3.9653,9],"rotation":{"angle":-45,"axis":"z","origin":[7.49849,0.09767,8.50233]},"faces":{"north":{"uv":[5,12,6,13],"texture":"#0"},"east":{"uv":[5,12,6,13],"texture":"#0"},"south":{"uv":[5,12,6,13],"texture":"#0"},"west":{"uv":[5,12,6,13],"texture":"#0"},"up":{"uv":[5,12,6,13],"texture":"#0"},"down":{"uv":[5,12,6,13],"texture":"#0"}}},{"from":[11.5636,-5.9653,8],"to":[12.5636,-4.9653,9],"rotation":{"angle":-45,"axis":"z","origin":[7.49849,0.09767,8.50233]},"faces":{"north":{"uv":[4,13,5,14],"texture":"#0"},"east":{"uv":[4,13,5,14],"texture":"#0"},"south":{"uv":[4,13,5,14],"texture":"#0"},"west":{"uv":[4,13,5,14],"texture":"#0"},"up":{"uv":[4,13,5,14],"texture":"#0"},"down":{"uv":[4,13,5,14],"texture":"#0"}}},{"from":[12.5636,-6.9653,8],"to":[13.5636,-5.9653,9],"rotation":{"angle":-45,"axis":"z","origin":[7.49849,0.09767,8.50233]},"faces":{"north":{"uv":[3,14,4,15],"texture":"#0"},"east":{"uv":[3,14,4,15],"texture":"#0"},"south":{"uv":[3,14,4,15],"texture":"#0"},"west":{"uv":[3,14,4,15],"texture":"#0"},"up":{"uv":[3,14,4,15],"texture":"#0"},"down":{"uv":[3,14,4,15],"texture":"#0"}}},{"from":[5.5,0,7.5],"to":[9.5,10,8],"rotation":{"angle":0,"axis":"y","origin":[7.49849,0.09767,8.50233]},"faces":{"north":{"uv":[0,0,4,10],"texture":"#1"},"east":{"uv":[0,0,0.5,10],"texture":"#1"},"south":{"uv":[0,0,4,10],"texture":"#1"},"west":{"uv":[0,0,0.5,10],"texture":"#1"},"up":{"uv":[0,0,4,0.5],"texture":"#1"},"down":{"uv":[0,0,4,0.5],"texture":"#1"}}},{"from":[5.5,9.9,8],"to":[9.5,10.1,9.2],"rotation":{"angle":0,"axis":"y","origin":[7.49849,0.09767,8.50233]},"faces":{"north":{"uv":[0,0,4,0.2],"texture":"#1"},"east":{"uv":[0,0,1.2,0.2],"texture":"#1"},"south":{"uv":[0,0,4,0.2],"texture":"#1"},"west":{"uv":[0,0,1.2,0.2],"texture":"#1"},"up":{"uv":[0,0,4,1.2],"texture":"#1"},"down":{"uv":[0,0,4,1.2],"texture":"#1"}}},{"from":[5.6,0,8],"to":[9.37,0.2,9],"rotation":{"angle":0,"axis":"y","origin":[7.49849,0.09767,8.50233]},"faces":{"north":{"uv":[0,0,3.77,0.2],"texture":"#1"},"east":{"uv":[0,0,1,0.2],"texture":"#1"},"south":{"uv":[0,0,3.77,0.2],"texture":"#1"},"west":{"uv":[0,0,1,0.2],"texture":"#1"},"up":{"uv":[0,0,3.77,1],"texture":"#1"},"down":{"uv":[0,0,3.77,1],"texture":"#1"}}},{"from":[5.5,0,9],"to":[9.5,10,9.5],"rotation":{"angle":0,"axis":"y","origin":[7.49849,0.09767,8.50233]},"faces":{"north":{"uv":[0,0,4,10],"texture":"#1"},"east":{"uv":[0,0,0.5,10],"texture":"#1"},"south":{"uv":[0,0,4,10],"texture":"#1"},"west":{"uv":[0,0,0.5,10],"texture":"#1"},"up":{"uv":[0,0,4,0.5],"texture":"#1"},"down":{"uv":[0,0,4,0.5],"texture":"#1"}}},{"from":[5.35,0,8],"to":[5.6,10,9],"rotation":{"angle":0,"axis":"y","origin":[7.49849,0.09767,8.50233]},"faces":{"north":{"uv":[0,0,0.25,10],"texture":"#1"},"east":{"uv":[0,0,1,10],"texture":"#1"},"south":{"uv":[0,0,0.25,10],"texture":"#1"},"west":{"uv":[0,0,1,10],"texture":"#1"},"up":{"uv":[0,0,0.25,1],"texture":"#1"},"down":{"uv":[0,0,0.25,1],"texture":"#1"}}},{"from":[9.35,0,8],"to":[9.6,10,9],"rotation":{"angle":0,"axis":"y","origin":[7.49849,0.09767,8.50233]},"faces":{"north":{"uv":[0,0,0.25,10],"texture":"#1"},"east":{"uv":[0,0,1,10],"texture":"#1"},"south":{"uv":[0,0,0.25,10],"texture":"#1"},"west":{"uv":[0,0,1,10],"texture":"#1"},"up":{"uv":[0,0,0.25,1],"texture":"#1"},"down":{"uv":[0,0,0.25,1],"texture":"#1"}}}],"display":{"thirdperson_righthand":{"translation":[0,5.5,1.5],"scale":[0.6,0.6,0.6]},"thirdperson_lefthand":{"translation":[0,5.5,1.5],"scale":[0.6,0.6,0.6]},"firstperson_righthand":{"translation":[1,7.25,0]},"firstperson_lefthand":{"translation":[1,7.25,0]},"ground":{"rotation":[69.25,0,0],"translation":[0,2.25,5.25],"scale":[0.7,0.7,0.7]},"gui":{"rotation":[0,0,-50.25],"translation":[3.25,3.25,0],"scale":[0.7,0.7,0.7]},"head":{"rotation":[62,0,0],"translation":[0,-5.25,-6.75]},"fixed":{"rotation":[0,0,51],"translation":[-5.5,5,-0.75]}},"groups":[{"name":"patyk","origin":[21,8,8],"children":[0,1,2,3,4,5,6,7,8,9,10,11,12,13,14,15,16,17,18,19,20,21,22,23,24,25,26,27,28,29,30,31,32,33,34,35,36]},{"name":"lud","origin":[8,8,8],"children":[37,38,39,40,41,42]}]}