{
	"credit": "Made with Blockbench",
	"elements": [
		{
			"from": [3, 0, 7],
			"to": [7, 2, 9],
			"rotation": {"angle": 0, "axis": "y", "origin": [3, 0, 7]},
			"faces": {
				"north": {"uv": [10, 12, 14, 14], "texture": "#0"},
				"east": {"uv": [10, 12, 12, 14], "texture": "#0"},
				"south": {"uv": [10, 12, 14, 14], "texture": "#0"},
				"west": {"uv": [12, 12, 14, 14], "texture": "#0"},
				"up": {"uv": [10, 12, 14, 14], "texture": "#0"},
				"down": {"uv": [10, 12, 14, 14], "texture": "#0"}
			}
		},
		{
			"from": [9, 0, 7],
			"to": [13, 2, 9],
			"rotation": {"angle": 0, "axis": "y", "origin": [9, 0, 7]},
			"faces": {
				"north": {"uv": [4, 12, 8, 14], "texture": "#0"},
				"east": {"uv": [4, 12, 6, 14], "texture": "#0"},
				"south": {"uv": [4, 12, 8, 14], "texture": "#0"},
				"west": {"uv": [6, 12, 8, 14], "texture": "#0"},
				"up": {"uv": [4, 12, 8, 14], "texture": "#0"},
				"down": {"uv": [4, 12, 8, 14], "texture": "#0"}
			}
		},
		{
			"from": [3, 4, 7],
			"to": [13, 6, 9],
			"rotation": {"angle": 0, "axis": "y", "origin": [5, 4, 7]},
			"faces": {
				"north": {"uv": [4, 8, 14, 10], "texture": "#0"},
				"east": {"uv": [4, 8, 14, 10], "texture": "#0"},
				"south": {"uv": [4, 8, 14, 10], "texture": "#0"},
				"west": {"uv": [4, 8, 14, 10], "texture": "#0"},
				"up": {"uv": [4, 8, 14, 10], "texture": "#0"},
				"down": {"uv": [4, 8, 14, 10], "texture": "#0"}
			}
		},
		{
			"from": [1, 6, 7],
			"to": [15, 8, 9],
			"rotation": {"angle": 0, "axis": "y", "origin": [5, 6, 7]},
			"faces": {
				"north": {"uv": [2, 6, 16, 8], "texture": "#0"},
				"east": {"uv": [2, 6, 4, 8], "texture": "#0"},
				"south": {"uv": [2, 6, 16, 8], "texture": "#0"},
				"west": {"uv": [14, 6, 16, 8], "texture": "#0"},
				"up": {"uv": [2, 6, 16, 8], "texture": "#0"},
				"down": {"uv": [2, 6, 16, 8], "texture": "#0"}
			}
		},
		{
			"from": [5, 2, 7],
			"to": [11, 4, 9],
			"rotation": {"angle": 0, "axis": "y", "origin": [5, 2, 7]},
			"faces": {
				"north": {"uv": [6, 10, 12, 12], "texture": "#0"},
				"east": {"uv": [6, 10, 8, 12], "texture": "#0"},
				"south": {"uv": [6, 10, 12, 12], "texture": "#0"},
				"west": {"uv": [10, 10, 12, 12], "texture": "#0"},
				"up": {"uv": [6, 10, 12, 12], "texture": "#0"},
				"down": {"uv": [6, 10, 12, 12], "texture": "#0"}
			}
		},
		{
			"from": [5, 8, 7],
			"to": [11, 10, 9],
			"rotation": {"angle": 0, "axis": "y", "origin": [5, 8, 7]},
			"faces": {
				"north": {"uv": [6, 4, 12, 6], "texture": "#0"},
				"east": {"uv": [6, 4, 8, 6], "texture": "#0"},
				"south": {"uv": [6, 4, 12, 6], "texture": "#0"},
				"west": {"uv": [10, 4, 12, 6], "texture": "#0"},
				"up": {"uv": [6, 4, 12, 6], "texture": "#0"},
				"down": {"uv": [6, 4, 12, 6], "texture": "#0"}
			}
		},
		{
			"from": [7, 10, 7],
			"to": [9, 12, 9],
			"rotation": {"angle": 0, "axis": "y", "origin": [5, 10, 7]},
			"faces": {
				"north": {"uv": [8, 2, 10, 4], "texture": "#0"},
				"east": {"uv": [8, 2, 10, 4], "texture": "#0"},
				"south": {"uv": [8, 2, 10, 4], "texture": "#0"},
				"west": {"uv": [8, 2, 10, 4], "texture": "#0"},
				"up": {"uv": [8, 2, 10, 4], "texture": "#0"},
				"down": {"uv": [8, 2, 10, 4], "texture": "#0"}
			}
		}
	],
	"gui_light": "front",
	"display": {
		"thirdperson_righthand": {
			"translation": [0, 3, 1],
			"scale": [0.55, 0.55, 0.55]
		},
		"thirdperson_lefthand": {
			"translation": [0, 3, 1],
			"scale": [0.55, 0.55, 0.55]
		},
		"firstperson_righthand": {
			"rotation": [0, -90, 25],
			"translation": [1.13, 3.2, 1.13],
			"scale": [0.68, 0.68, 0.68]
		},
		"firstperson_lefthand": {
			"rotation": [0, -90, 25],
			"translation": [1.13, 3.2, 1.13],
			"scale": [0.68, 0.68, 0.68]
		},
		"ground": {
			"translation": [0, 2, 0],
			"scale": [0.5, 0.5, 0.5]
		},
		"gui": {
			"rotation": [16, 19, 0],
			"translation": [0, 2.5, 0]
		},
		"head": {
			"rotation": [0, 180, 0],
			"translation": [0, 14.5, 0]
		},
		"fixed": {
			"rotation": [0, 180, 0]
		}
	}
}