{
  "world": "stargazer:cosmic",
  "id": "stargazer:cosmic",
  "cloud_settings": {
    "cloud": false,
    "cloud_height": 0
  },
  "rain": false,
  "custom_vanilla_objects": {
    "sun": false,
    "sun_texture": "",
    "sun_height": 0,
    "sun_size": 0,
    "moon": false,
    "moon_phase": false,
    "moon_texture": "",
    "moon_height": 0,
    "moon_size": 0
  },
  "stars": {
    "vanilla": true,
    "moving_stars": true,
    "count": 0,
    "all_days_visible": true,
    "scale": 0,
    "color": [
      0,
      0,
      0
    ],
    "shooting_stars": {
      "percentage": 0,
      "random_lifetime": [
        0,
        0
      ],
      "scale": 0,
      "speed": 5,
      "color": [
        0,
        0,
        0
      ]
    }
  },
  "sky_type": "END",
  "sky_color": {
    "custom_color": true,
    "color": [
      0,
      0,
      0
    ]
  },
  "sky_objects": [],
  "constellations": [],
  "condition": {
    "condition": false
  }
}