{
  "ambient_light": 0.4,
  "fixed_time": 18000,
  "bed_works": false,
  "coordinate_scale": 4.0,
  "effects": "stargazer:cosmic",
  "has_ceiling": false,
  "has_raids": true,
  "has_skylight": false,
  "height": 384,
  "infiniburn": "#minecraft:infiniburn_end",
  "logical_height": 384,
  "min_y": -64,
  "monster_spawn_block_light_limit": 0,
  "monster_spawn_light_level": {
    "type": "minecraft:uniform",
    "max_inclusive": 7,
    "min_inclusive": 0
  },
  "natural": false,
  "piglin_safe": false,
  "respawn_anchor_works": false,
  "ultrawarm": false
}