{
  "carvers": [],
  "downfall": 0.4,
  "effects": {
    "sky_color": 6184036,
    "fog_color": 589824,
    "water_color": 10076657,
    "water_fog_color": 589824,
    "grass_color": 14453469,
    "foliage_color": 12607947,
    "mood_sound": {
      "block_search_extent": 8,
      "offset": 2,
      "sound": "minecraft:ambient.cave",
      "tick_delay": 6000
    },
    "music": [
      {
        "data": {
          "max_delay": 24000,
          "min_delay": 12000,
          "replace_current_music": false,
          "sound": "minecraft:ambient.warped_forest.loop"
        },
        "weight": 1
      }
    ],
    "music_volume": 1
  },
  "features": [
    ["stargazer:amethyst_spike"],
    ["stargazer:amethyst_spike_big"],
    ["stargazer:amethyst_clusters"]
  ],
  "has_precipitation": true,
  "spawn_costs": {},
  "spawners": {
    "creature": [
      {
        "type": "stargazer:amethyst_turtle",
        "weight": 30,
        "minCount": 4,
        "maxCount": 6
      }
    ]
  },
  "temperature": 0.7
}