{
    "vertex": "minecraft:core/terrain",
    "fragment": "minecraft:core/terrain",
    "defines": {
        "values": {
            "ALPHA_CUTOUT": "0.1"
        }
    },
    "samplers": [
        { "name": "InSampler" },
        { "name": "Sampler2" }
    ],
    "uniforms": [
        { "name": "ModelViewMat", "type": "matrix4x4", "count": 16, "values": [ 1.0, 0.0, 0.0, 0.0, 0.0, 1.0, 0.0, 0.0, 0.0, 0.0, 1.0, 0.0, 0.0, 0.0, 0.0, 1.0 ] },
        { "name": "ProjMat", "type": "matrix4x4", "count": 16, "values": [ 1.0, 0.0, 0.0, 0.0, 0.0, 1.0, 0.0, 0.0, 0.0, 0.0, 1.0, 0.0, 0.0, 0.0, 0.0, 1.0 ] },
        { "name": "ModelOffset", "type": "float", "count": 3, "values": [ 0.0, 0.0, 0.0 ] },
        { "name": "ColorModulator", "type": "float", "count": 4, "values": [ 1.0, 1.0, 1.0, 1.0 ] },
        { "name": "FogStart", "type": "float", "count": 1, "values": [ 0.0 ] },
        { "name": "FogEnd", "type": "float", "count": 1, "values": [ 1.0 ] },
        { "name": "FogColor", "type": "float", "count": 4, "values": [ 0.0, 0.0, 0.0, 0.0 ] },
        { "name": "FogShape", "type": "int", "count": 1, "values": [ 0 ] }
    ]
}
