{
    "vertex": "stargazer:core/rendertype_cosmic",
    "fragment": "stargazer:core/rendertype_cosmic",
    "samplers": [
        { "name": "Sampler0" }
    ],
    "uniforms": [
        { "name": "ModelViewMat", "type": "matrix4x4", "count": 16, "values": [ 1.0, 0.0, 0.0, 0.0, 0.0, 1.0, 0.0, 0.0, 0.0, 0.0, 1.0, 0.0, 0.0, 0.0, 0.0, 1.0 ] },
        { "name": "ProjMat", "type": "matrix4x4", "count": 16, "values": [ 1.0, 0.0, 0.0, 0.0, 0.0, 1.0, 0.0, 0.0, 0.0, 0.0, 1.0, 0.0, 0.0, 0.0, 0.0, 1.0 ] },
        { "name": "GameTime", "type": "float", "count": 1, "values": [ 0.0 ] },
        { "name": "StarLayers", "type": "int", "count": 1, "values": [ 8 ] }
    ]
}
