{
  "aquifers_enabled": false,
  "default_block": {
    "Name": "stargazer:moon_rock"
  },
  "default_fluid": {
    "Name": "minecraft:air"
  },
  "disable_mob_generation": false,
  "legacy_random_source": true,
  "noise": {
    "height": 192,
    "min_y": -64,
    "size_horizontal": 1,
    "size_vertical": 1
  },
  "noise_router": {
    "barrier": 0,
    "continents": "minecraft:overworld/continents",
    "depth": "minecraft:overworld/depth",
    "erosion": "minecraft:overworld/erosion",
    "final_density": {
      "type": "minecraft:squeeze",
      "argument": {
        "type": "minecraft:mul",
        "argument1": 0.64,
        "argument2": {
          "type": "minecraft:interpolated",
          "argument": {
            "type": "minecraft:blend_density",
            "argument": {
              "type": "minecraft:add",
              "argument1": -0.226375,
              "argument2": {
                "type": "minecraft:mul",
                "argument1": {
                  "type": "minecraft:y_clamped_gradient",
                  "from_value": 0,
                  "from_y": -64,
                  "to_value": 1,
                  "to_y": 16
                },
                "argument2": {
                  "type": "minecraft:add",
                  "argument1": 0.234375,
                  "argument2": {
                    "type": "minecraft:add",
                    "argument1": -23.4375,
                    "argument2": {
                      "type": "minecraft:mul",
                      "argument1": {
                        "type": "minecraft:y_clamped_gradient",
                        "from_value": 1,
                        "from_y": 104,
                        "to_value": 0,
                        "to_y": 420
                      },
                      "argument2": {
                        "type": "minecraft:add",
                        "argument1": 23.5786,
                        "argument2": "minecraft:end/base_3d_noise"
                      }
                    }
                  }
                }
              }
            }
          }
        }
      }
    },
    "fluid_level_floodedness": 0,
    "fluid_level_spread": 0,
    "initial_density_without_jaggedness": 0,
    "lava": 0,
    "ridges": "minecraft:overworld/ridges",
    "temperature": {
      "type": "minecraft:shifted_noise",
      "noise": "minecraft:temperature",
      "shift_x": "minecraft:shift_x",
      "shift_y": 0,
      "shift_z": "minecraft:shift_z",
      "xz_scale": 0.25,
      "y_scale": 0
    },
    "vegetation": {
      "type": "minecraft:shifted_noise",
      "noise": "minecraft:vegetation",
      "shift_x": "minecraft:shift_x",
      "shift_y": 0,
      "shift_z": "minecraft:shift_z",
      "xz_scale": 0.25,
      "y_scale": 0
    },
    "vein_gap": 1,
    "vein_ridged": 0,
    "vein_toggle": 0
  },
  "ore_veins_enabled": false,
  "sea_level": -64,
  "spawn_target": [],
  "surface_rule": {
    "type": "minecraft:sequence",
    "sequence": [
      {
        "type": "minecraft:sequence",
        "sequence": [
          {
            "type": "minecraft:condition",
            "if_true": {
              "type": "minecraft:water",
              "offset": 0,
              "surface_depth_multiplier": 0,
              "add_stone_depth": false
            },
            "then_run": {
              "type": "minecraft:condition",
              "if_true": {
                "type": "minecraft:stone_depth",
                "offset": 0,
                "surface_type": "floor",
                "add_surface_depth": false,
                "secondary_depth_range": 0
              },
              "then_run": {
                "type": "minecraft:condition",
                "if_true": {
                  "type": "minecraft:y_above",
                  "anchor": {
                    "above_bottom": 100
                  },
                  "surface_depth_multiplier": 0,
                  "add_stone_depth": false
                },
                "then_run": {
                  "type": "minecraft:sequence",
                  "sequence": [
                    {
                      "type": "minecraft:condition",
                      "if_true": {
                        "type": "minecraft:biome",
                        "biome_is": [
                          "stargazer:moon_forest"
                        ]
                      },
                      "then_run": {
                        "type": "minecraft:block",
                        "result_state": {
                          "Name": "stargazer:moon_rock_nylium"
                        }
                      }
                    },
                    {
                      "type": "minecraft:condition",
                      "if_true": {
                        "type": "minecraft:biome",
                        "biome_is": [
                          "stargazer:moon_waste"
                        ]
                      },
                      "then_run": {
                        "type": "minecraft:block",
                        "result_state": {
                          "Name": "stargazer:moon_rock"
                        }
                      }
                    }
                  ]
                }
              }
            }
          }
        ]
      },
      {
        "type": "minecraft:condition",
        "if_true": {
          "type": "minecraft:vertical_gradient",
          "false_at_and_above": {
            "absolute": 40
          },
          "random_name": "minecraft:deepslate",
          "true_at_and_below": {
            "absolute": 0
          }
        },
        "then_run": {
          "type": "minecraft:block",
          "result_state": {
            "Name": "stargazer:black_moon_rock"
          }
        }
      }
    ]
  }
}