{
	"schemaVersion": 1,
	"id": "stargazer",
	"version": "${version}",
	"name": "STARGAZER",
	"description": "Gaze into the stars",
	"authors": [
		"wilwe"
	],
	"contact": {
		"homepage": "https://fabricmc.net/",
		"sources": "https://github.com/FabricMC/fabric-example-mod"
	},
	"license": "MIT",
	"icon": "assets/icon.png",
	"environment": "*",
	"entrypoints": {
		"main": [
			"com.github.wilwe21.stargazer.Stargazer"
		],
		"fabric-datagen": [
			"com.github.wilwe21.stargazer.StargazerDataGenerator"
		],
		"client": [
			"com.github.wilwe21.stargazer.StargazerClient"
		]
	},
	"mixins": [
		"stargazer.mixins.json"
	],
	"depends": {
		"fabricloader": ">=0.16.14",
		"minecraft": "~1.21.5",
		"java": ">=21",
		"fabric-api": "*"
	},
	"suggests": {
		"another-mod": "*"
	}
}
